Comparison,Statistic,P-Value,Significant
GA vs PSO,814.0,7.621940407346498e-08,True
GA vs SA,886.5,1.1382033135813518e-10,True
GA vs SHAP,900.0,3.002865221010998e-11,True
PSO vs SA,808.0,1.240564388497854e-07,True
PSO vs SHAP,900.0,2.985958370869826e-11,True
SA vs SHAP,900.0,2.999100614022854e-11,True
